,시군구명,물리환경,과거대비인구변화,최근인구변화,과거대비사업체변화,최근사업체변화,노후건축물비율,시군구코드,20세미만인구성장률,재정자립도,경제활동인구대비종사자수,특허출원건수,1인당주민세,1인당공원면적,도로밀도,1만인당공무원수,주민등록인구전출입률,폐기물재활용률,1만인당사회복지시설수,1만인당문화체육시설수,1만인당축제건수,cluster
25,부산광역시 중구,1,-51.989,5,-1.418,1.0,80.871,26110,-9.45,31.57,2.03,47.0,100.22,128.84,7.52,120.36,-1.39,90.88,10.62,29.59,0.76,2
26,부산광역시 서구,1,-47.947,3,-3.793,2.0,85.443,26140,-4.81,16.32,0.52,104.0,40.68,9.18,5.8,60.6,-1.55,96.9,9.86,14.69,0.1,1
27,부산광역시 동구,1,-55.607,5,-3.254,2.0,86.257,26170,-1.46,18.93,1.17,88.0,63.02,0.79,9.63,71.67,2.03,97.11,12.51,18.52,0.12,1
28,부산광역시 영도구,1,-39.292,5,0.13,1.0,83.783,26200,-6.89,13.97,0.44,328.0,24.37,7.32,6.98,54.05,-2.17,92.79,9.67,11.83,0.17,1
29,부산광역시 부산진구,1,-27.753,5,0.653,0.0,83.001,26230,-4.9,22.88,0.56,554.0,27.42,13.57,7.5,27.62,-1.06,95.83,8.88,15.64,0.06,1
30,부산광역시 동래구,1,-21.775,4,-2.614,1.0,82.18,26260,-0.37,22.72,0.39,285.0,17.52,18.59,5.83,28.04,1.84,93.95,7.36,10.98,0.04,1
31,부산광역시 남구,1,-17.447,3,3.299,1.0,79.993,26290,-5.2,31.02,0.36,587.0,25.22,8.96,4.87,29.22,-1.79,96.74,8.11,11.35,0.04,1
32,부산광역시 북구,1,-9.603,4,0.114,0.0,76.534,26320,-6.66,15.59,0.21,231.0,12.04,2.89,3.12,28.02,-1.93,92.5,7.91,11.28,0.04,1
33,부산광역시 해운대구,1,-1.229,5,2.464,0.0,78.334,26350,-4.55,29.12,0.45,705.0,24.48,5.51,3.53,26.67,-0.75,94.45,8.25,13.49,0.08,1
34,부산광역시 사하구,1,-13.518,5,-0.169,1.0,82.627,26380,-6.56,18.88,0.4,582.0,26.08,1.41,4.61,28.12,-1.95,89.66,7.55,13.28,0.16,1
35,부산광역시 금정구,1,-22.96,5,0.077,1.0,77.082,26410,-5.47,22.78,0.44,585.0,21.42,5.71,3.18,32.58,-1.38,91.91,7.44,15.43,0.04,1
36,부산광역시 연제구,1,-22.899,2,-0.026,1.0,80.542,26470,0.06,23.45,0.48,187.0,24.7,0.42,4.85,31.7,0.73,96.14,7.79,8.33,0.05,1
37,부산광역시 수영구,1,-17.806,1,2.147,2.0,79.208,26500,-3.11,22.91,0.4,178.0,18.39,0.94,11.88,35.54,0.08,97.6,7.06,15.48,0.06,1
38,부산광역시 사상구,1,-20.415,5,-0.593,1.0,73.537,26530,-6.18,23.22,0.64,507.0,32.77,3.31,4.78,33.81,-2.22,92.82,7.6,15.56,0.05,1
39,대구광역시 중구,1,-57.701,2,0.959,1.0,80.942,27110,-3.75,31.05,1.38,92.0,67.62,0.74,12.29,82.91,-2.47,96.25,11.38,24.64,0.54,2
40,대구광역시 동구,1,-6.098,1,1.047,0.0,71.862,27140,-5.12,19.46,0.4,522.0,24.95,6.96,2.1,28.49,-1.63,94.38,9.11,12.42,0.06,1
41,대구광역시 서구,1,-50.72,5,-3.119,2.0,84.072,27170,-9.67,18.14,0.5,196.0,25.6,3.31,8.49,43.05,-4.63,79.38,9.72,13.5,0.1485714285714285,1
42,대구광역시 남구,1,-42.616,5,-0.365,1.0,81.87,27200,-6.15,15.37,0.44,145.0,22.29,0.7,6.64,45.66,-1.21,94.93,8.99,12.98,0.34,1
43,대구광역시 북구,1,-3.238,2,0.393,0.0,62.637,27230,-3.59,20.71,0.4,1277.0,18.61,4.32,3.24,25.19,-0.46,89.72,8.36,12.28,0.02,1
44,대구광역시 수성구,1,-3.005,5,0.696,0.0,74.443,27260,-3.95,30.93,0.36,527.0,14.96,9.69,2.6,26.28,-0.84,95.11,7.29,14.87,0.02,1
45,대구광역시 달서구,1,-1.397,5,0.127,1.0,64.435,27290,-4.66,24.98,0.42,1190.0,26.12,4.74,4.95,21.17,-0.83,83.99,6.31,14.28,0.02,1
46,대구광역시 달성군,1,8.809,0,4.115,0.0,51.165,27710,1.84,39.12,0.49,848.0,45.28,24.47,1.39,36.63,1.74,79.69,14.85,13.29,0.04,0
47,인천광역시 동구,1,-54.202,5,-3.772,2.0,76.53,28140,-8.02,34.4,0.68,407.0,61.64,1.0,7.37,74.99,-2.55,90.34,10.04,15.55,0.16,2
48,인천광역시 미추홀구,1,-7.53,2,0.271,1.0,74.654,28170,-4.14,20.51,0.33,499.0,17.18,2.61,14.07,19.19,-1.86,92.97,6.94,17.96,0.03,1
49,인천광역시 연수구,1,11.575,0,5.374,0.0,61.195,28185,5.84,46.77,0.38,1575.0,38.8,3.79,2.54,18.96,5.31,87.33,11.9,11.08,0.06,0
50,인천광역시 남동구,1,11.3,1,3.108,0.0,59.605,28200,-4.5,31.05,0.53,1290.0,33.84,13.4,8.23,15.25,-1.02,72.33,12.51,16.84,0.02,0
51,인천광역시 부평구,1,-2.164,5,-0.208,1.0,73.102,28237,-6.48,23.13,0.34,764.0,25.97,5.26,14.01,18.32,-2.62,91.5,6.42,11.2,0.02,1
52,인천광역시 계양구,1,-3.908,5,0.17,0.0,60.65,28245,-8.29,24.04,0.29,280.0,14.65,3.05,5.5,23.56,-3.06,88.91,8.5,14.75,0.03,0
53,인천광역시 강화군,0,-26.112,0,3.599,1.0,46.895,28710,-1.36,19.18,0.36,59.0,12.89,0.74,0.19,86.87,1.06,92.43,52.81,31.09,0.94,0
54,광주광역시 동구,1,-53.881,4,-7.371,1.0,74.845,29110,3.0,20.02,0.83,247.0,49.21,3.31,2.25,53.67,4.57,95.14,16.01,31.23,0.1,1
55,광주광역시 서구,1,-3.299,3,2.093,0.0,55.236,29140,-6.37,22.52,0.6,475.0,36.97,16.55,4.45,23.61,-1.1,80.63,10.59,17.76,0.03,0
56,광주광역시 남구,1,-21.787,3,4.082,0.0,74.343,29155,-1.51,13.13,0.35,160.0,14.06,9.06,3.22,28.87,0.85,85.27,15.38,20.57,0.09,1
57,광주광역시 북구,1,-5.247,3,1.098,1.0,65.8,29170,-4.41,16.51,0.42,1618.0,23.19,18.5,3.25,19.53,-1.49,90.67,11.39,17.97,0.0733333333333333,1
58,대전광역시 동구,1,-18.552,4,0.085,1.0,75.904,30110,-3.82,11.49,0.34,334.0,21.51,2.4,1.9,26.52,-0.77,74.57,10.36,10.31,0.1225,1
59,대전광역시 중구,1,-19.9,5,0.405,1.0,78.286,30140,-5.56,14.47,0.47,274.0,27.45,1.99,3.54,24.94,-1.44,78.29,9.15,16.44,0.09,1
60,대전광역시 서구,1,-4.272,3,1.504,0.0,66.08,30170,-3.97,21.16,0.42,728.0,22.7,13.64,2.07,15.47,-0.91,68.49,6.95,15.98,0.06,1
61,대전광역시 대덕구,1,-16.259,5,-0.091,1.0,69.106,30230,-8.19,20.42,0.61,1097.0,66.39,5.17,3.72,32.19,-2.66,27.94,10.35,21.67,0.28,2
62,울산광역시 중구,1,-0.849,4,2.15,0.0,72.26,31110,-7.16,19.51,0.27,282.0,18.41,15.34,5.32,29.66,-3.74,86.63,5.36,13.86,0.05,1
63,울산광역시 남구,1,-1.083,5,1.814,0.0,61.162,31140,-5.9,37.49,0.63,561.0,60.76,36.58,3.88,25.32,-2.28,80.32,5.46,15.83,0.06,2
64,울산광역시 동구,1,-11.081,5,-2.521,2.0,61.378,31170,-6.26,22.33,0.56,199.0,86.23,28.44,3.67,33.57,-3.37,77.36,5.02,13.8,0.06,2
65,세종특별자치시 세종시,1,0.0,0,15.458,0.0,50.8,36110,6.08,72.72,0.37,813.0,27.05,66.32,6.45,12.23,7.24,84.01,16.38,13.65,0.06,0
80,강원도 춘천시,1,0.645,1,3.24,0.0,50.187,42110,-3.47,26.95,0.45,877.0,20.84,13.77,1.24,59.02,0.26,85.5,21.8,24.6,0.22,0
81,강원도 강릉시,1,-6.761,2,2.134,1.0,57.406,42150,-3.57,20.92,0.46,340.0,22.92,22.69,1.13,64.27,0.56,90.55,21.94,22.36,0.47,0
82,강원도 동해시,1,-7.436,5,-1.219,1.0,62.311,42170,-4.99,20.09,0.44,50.0,28.59,48.82,3.66,76.54,-0.58,95.09,18.7,25.83,0.12,1
83,강원도 태백시,1,-59.297,5,-0.929,1.0,70.049,42190,-7.84,22.66,0.49,23.0,20.24,64.21,0.75,149.62,-1.89,89.53,31.35,47.74,0.47,1
84,강원도 속초시,1,-10.573,2,3.453,0.0,65.555,42210,-4.24,23.2,0.45,33.0,19.29,8.56,3.12,81.21,0.3,64.59,16.32,21.63,0.39,1
85,강원도 삼척시,1,-48.256,5,0.832,0.0,55.141,42230,-5.82,17.39,0.47,40.0,38.01,19.8,0.7,138.53,-1.28,94.71,39.28,20.24,0.91,0
86,강원도 홍천군,0,-26.635,2,2.563,0.0,47.077,42720,-6.53,16.7,0.45,77.0,23.79,17.38,0.4,119.3,-0.61,89.24,37.41,47.99,0.61,0
87,강원도 횡성군,0,-30.781,0,3.567,0.0,30.922,42730,-2.47,18.24,0.51,94.0,26.96,5.0,0.56,139.33,0.37,91.44,57.34,44.68,0.92,0
88,강원도 영월군,0,-55.419,4,2.003,1.0,47.805,42750,-6.81,21.44,0.5,61.0,28.3,33.59,0.29,175.08,-0.77,86.19,57.24,70.37,1.12,0
89,강원도 평창군,0,-41.894,5,3.134,2.0,42.148,42760,-7.63,14.52,0.51,53.0,28.95,33.37,0.5,179.48,-0.68,94.88,51.02,43.59,1.28,0
90,강원도 정선군,0,-71.743,5,1.991,1.0,40.844,42770,-5.84,27.29,0.62,26.0,63.96,56.24,0.46,182.1,-0.55,93.41,51.7,44.52,0.57,0
91,강원도 철원군,1,-24.145,4,1.955,1.0,56.235,42780,-4.14,11.96,0.31,50.0,12.07,22.85,0.62,149.41,-1.68,91.32,34.41,27.1,0.94,0
92,강원도 화천군,0,-25.596,5,4.831,0.0,47.364,42790,-4.22,14.02,0.28,10.0,9.49,36.66,0.27,213.25,-0.71,83.03,44.3,38.65,1.3,0
93,강원도 양구군,0,-28.129,4,3.003,0.0,47.848,42800,-5.47,14.13,0.34,7.0,9.3,41.52,0.37,231.69,-2.76,93.33,49.15,42.59,1.4,0
94,강원도 인제군,0,-30.362,4,1.267,1.0,33.189,42810,-4.93,15.28,0.38,16.0,13.87,39.35,0.28,192.37,-1.41,103.27,30.37,34.76,0.67,0
95,강원도 고성군,1,-39.419,3,3.383,0.0,60.056,42820,-4.74,14.33,0.55,29.0,18.12,21.22,0.55,206.9,-2.68,94.2,48.59,30.56,1.18,0
96,강원도 양양군,0,-30.055,3,3.63,0.0,39.42,42830,-2.2,13.58,0.61,25.0,20.81,6.35,0.91,202.61,2.03,77.03,58.0,35.57,1.16,0
97,충청북도 청주시,1,22.886,0,2.579,0.0,55.331,43110,-2.7,37.26,0.47,2040.0,43.79,18.86,3.42,35.97,0.07,76.61,41.14364285714286,21.2,0.827,0
98,충청북도 충주시,1,-5.386,1,1.898,0.0,56.793,43130,-3.67,20.7,0.53,409.0,30.04,30.14,1.75,48.96,0.37,88.49,41.14364285714286,23.71,0.19,0
99,충청북도 제천시,1,-11.245,3,1.037,0.0,57.456,43150,-3.22,18.82,0.47,150.0,23.68,7.6,0.64,62.79,-0.23,94.84,41.14364285714286,18.01,0.37,0
100,충청북도 보은군,1,-53.004,4,2.028,0.0,62.816,43720,-7.56,7.74,0.53,45.0,39.17,34.71,0.79,145.4,-1.12,92.03,41.14364285714286,69.98,1.28,1
101,충청북도 옥천군,1,-40.337,5,1.212,1.0,61.048,43730,-5.87,17.47,0.52,86.0,27.88,14.49,1.01,106.93,-0.03,93.09,41.14364285714286,67.61,1.04,0
102,충청북도 영동군,0,-42.321,5,1.719,0.0,43.836,43740,-3.13,16.66,0.37,50.0,17.73,15.13,0.61,106.81,-1.1,88.5,41.14364285714286,18.33,0.85,0
103,충청북도 증평군,1,-12.124,1,4.113,0.0,54.437,43745,-3.81,17.63,0.43,40.0,32.9,19.28,3.4,113.31,0.1,84.2,41.14364285714286,39.61,0.55,0
104,충청북도 진천군,1,4.706,0,5.479,0.0,50.513,43750,3.83,27.83,0.9,331.0,97.86,16.06,1.54,75.32,3.45,87.9,41.14364285714286,36.07,0.25,2
105,충청북도 괴산군,1,-47.509,1,3.028,2.0,51.502,43760,-2.64,12.86,0.44,48.0,23.7,17.14,0.61,130.33,1.04,95.76,41.14364285714286,17.43,1.61,0
106,충청북도 음성군,0,8.648,3,5.473,0.0,47.758,43770,-7.05,31.06,1.08,467.0,87.06,21.77,1.9,71.29,-0.54,87.3,41.14364285714286,33.39,0.33,2
107,충청북도 단양군,1,-54.755,3,2.946,1.0,67.862,43800,-5.97,21.75,0.63,27.0,37.38,31.74,0.75,171.7,-0.8,87.13,41.14364285714286,27.0,1.8,1
108,충청남도 천안시,1,5.635,0,4.318,0.0,50.601,44130,-1.47,47.59,0.51,3675.0,44.25,9.89,3.12,24.72,0.61,87.13715189873419,13.73,16.03,0.7064285714285715,0
109,충청남도 공주시,1,-29.52,5,2.551,2.0,58.586,44150,-1.04,18.66,0.53,392.0,29.71,16.83,1.26,71.15,-0.53,87.13715189873419,44.69,15.99,0.93,0
110,충청남도 보령시,0,-32.272,4,2.184,0.0,45.979,44180,-6.92,20.37,0.49,149.0,33.57,10.56,2.28,77.73,-0.41,87.13715189873419,44.75,14.6,1.47,0
111,충청남도 서산시,1,4.877,0,3.885,0.0,51.703,44210,-2.46,39.46,0.53,301.0,70.19,19.55,2.07,49.22,0.23,87.13715189873419,25.68,11.03,0.65,2
112,충청남도 논산시,1,-35.432,5,2.852,1.0,65.416,44230,-4.6,13.2,0.48,226.0,23.98,10.56,2.41,62.67,-0.66,87.13715189873419,49.67,15.24,0.34,1
113,충청남도 금산군,1,-43.03,5,1.975,0.0,67.747,44710,-4.08,18.17,0.67,156.0,42.39,24.56,0.26,96.87,-0.99,87.13715189873419,73.44,18.75,0.78,1
114,충청남도 부여군,1,-49.986,5,-1.588,2.0,70.87,44760,-8.3,14.33,0.35,52.0,18.41,11.11,0.27,86.54,-0.95,87.13715189873419,77.24,14.03,0.47,1
115,충청남도 서천군,1,-51.494,5,2.499,1.0,57.181,44770,-5.09,13.09,0.64,58.0,37.32,19.06,1.94,99.73,-1.09,87.13715189873419,71.03,17.66,1.61,0
116,충청남도 청양군,1,-49.518,2,2.825,0.0,67.642,44790,-8.02,15.92,0.47,60.0,22.06,3.41,1.8,153.25,-0.73,87.13715189873419,106.41,20.08,0.67,1
117,충청남도 홍성군,0,-23.559,2,2.517,0.0,44.769,44800,-3.83,19.3,0.45,115.0,18.89,14.5,0.9,60.08,-0.28,87.13715189873419,41.23,10.58,0.4,0
118,충청남도 예산군,1,-43.194,5,2.146,1.0,59.495,44810,-3.3,13.82,0.54,99.0,32.62,14.31,1.3,72.91,-0.3,87.13715189873419,53.2,24.08,0.53,0
119,충청남도 태안군,0,-37.786,2,3.46,0.0,41.923,44825,-4.59,19.71,0.47,59.0,36.72,9.46,2.01,94.52,-0.1,87.13715189873419,43.27,12.39,1.02,0
120,전라북도 전주시,1,0.279,3,2.905,0.0,61.189,45110,-2.8,30.95,0.42,1633.0,21.82,25.08,7.5,25.37,0.47,86.26,11.73,17.42,0.773076923076923,1
121,전라북도 군산시,1,-6.386,4,-0.087,2.0,60.714,45130,-4.43,21.6,0.45,485.0,35.27,28.61,3.51,42.13,-0.74,83.31,22.86,14.02,0.08,0
122,전라북도 익산시,1,-8.255,5,1.3,1.0,67.978,45140,-5.72,18.69,0.46,976.0,28.23,20.74,2.36,45.01,-1.91,80.85,28.97,22.57,0.11,1
123,전라북도 정읍시,1,-45.948,5,1.588,1.0,53.704,45180,-5.52,14.55,0.45,199.0,22.22,40.4,1.54,75.45,-0.88,91.98,72.07,20.38,0.68,0
124,전라북도 남원시,1,-43.353,5,-1.994,2.0,64.742,45190,-5.25,11.37,0.39,68.0,15.31,41.41,1.24,99.59,-0.86,89.62,69.15,21.78,0.13,1
125,전라북도 김제시,1,-51.964,5,2.199,0.0,62.949,45210,-6.08,13.13,0.61,155.0,29.38,18.03,1.6,96.94,-0.89,92.42,86.0,25.62,0.26,1
126,전라북도 완주군,1,-18.069,2,4.851,0.0,51.414,45710,-6.11,22.5,0.72,578.0,76.51,19.74,1.43,68.96,-2.05,90.33,53.55,14.43,0.55,2
127,전라북도 진안군,1,-64.327,2,5.228,1.0,52.783,45720,-11.31,11.03,0.44,29.0,14.73,22.78,0.5,204.44,-0.29,98.14,155.55,42.22,1.78,0
128,전라북도 무주군,1,-51.105,5,2.164,2.0,58.899,45730,-4.2,17.97,0.51,13.0,21.6,4.97,0.61,187.37,-0.13,92.89,126.54,40.85,0.89,0
129,전라북도 장수군,1,-55.332,1,-2.216,1.0,63.932,45740,-1.44,15.84,0.34,50.0,13.82,38.1,0.93,194.79,-2.56,89.14,141.27,27.48,0.48,1
130,전라북도 임실군,1,-62.662,4,-3.344,2.0,56.466,45750,-5.51,12.93,0.46,30.0,17.51,9.16,0.64,188.59,-3.15,97.83,143.39,20.65,2.34,0
131,전라북도 순창군,1,-56.573,5,-1.539,1.0,64.699,45770,-5.82,15.18,0.36,46.0,15.13,7.46,1.09,176.91,-2.04,87.51,147.04,25.66,0.77,1
132,전라북도 고창군,0,-56.381,3,1.429,0.0,39.304,45790,-7.48,13.8,0.48,46.0,16.3,10.7,1.29,110.13,-1.92,96.68,119.96,29.32,1.16,0
133,전라북도 부안군,1,-55.255,3,2.286,1.0,65.603,45800,-5.98,14.1,0.46,35.0,18.27,77.68,1.43,105.34,-1.29,94.29,102.25,29.48,0.82,1
134,전라남도 목포시,1,-5.65,5,0.05,0.0,76.896,46110,-4.35,21.58,0.38,170.0,15.4,34.99,12.91,56.12,-0.96,77.73,41.14364285714286,17.83,0.09,1
135,전라남도 여수시,1,-14.268,5,3.159,0.0,64.636,46130,-4.49,36.85,0.61,210.0,61.86,24.64,3.02,67.65,-0.11,74.41,41.14364285714286,30.89,0.23,2
136,전라남도 순천시,1,-3.01,1,2.599,0.0,62.635,46150,-2.73,25.03,0.43,387.0,19.89,38.38,1.53,55.29,-0.02,86.35,41.14364285714286,41.0,0.45,1
137,전라남도 나주시,1,-46.032,0,8.09,0.0,66.78,46170,-0.3,22.57,0.6,1299.0,52.33,21.64,1.4,102.74,0.87,93.32,41.14364285714286,24.85,0.28,1
138,전라남도 광양시,1,-5.044,1,2.475,0.0,55.643,46230,-4.38,31.57,0.67,276.0,89.38,75.92,3.18,74.33,-0.13,98.79,41.14364285714286,31.12,0.35,2
139,전라남도 담양군,1,-49.828,2,6.831,1.0,53.368,46710,-5.47,17.85,0.58,113.0,20.93,26.01,0.87,155.39,-0.09,86.53,41.14364285714286,19.6,0.71,0
140,전라남도 곡성군,1,-55.894,5,2.485,2.0,62.975,46720,-8.07,17.89,0.55,45.0,38.61,23.58,0.63,225.04,-1.53,92.58,41.14364285714286,27.25,1.1,1
141,전라남도 구례군,1,-50.837,2,2.511,1.0,64.713,46730,-9.57,8.75,0.42,12.0,17.75,37.23,0.53,230.22,-1.33,98.11,41.14364285714286,27.66,2.55,1
142,전라남도 고흥군,1,-61.736,5,1.427,1.0,66.562,46770,-5.51,12.32,0.43,45.0,14.47,20.21,0.71,135.84,-0.17,79.45,41.14364285714286,18.02,0.85,1
143,전라남도 보성군,1,-66.928,5,-6.837,2.0,67.252,46780,-8.9,14.47,0.47,37.0,14.98,28.01,0.63,169.97,-2.21,93.06,41.14364285714286,26.29,1.33,1
144,전라남도 화순군,1,-34.382,5,2.485,0.0,62.818,46790,-4.81,21.26,0.53,114.0,29.58,30.04,0.64,124.9,-1.41,88.99,41.14364285714286,55.34,1.03,1
145,전라남도 장흥군,1,-59.469,4,3.907,1.0,65.189,46800,-5.91,11.33,0.5,34.0,14.31,29.94,0.82,175.39,-1.17,95.08,41.14364285714286,29.42,1.44,1
146,전라남도 강진군,1,-56.182,5,2.725,0.0,66.329,46810,-5.17,11.23,0.45,33.0,14.58,65.95,1.33,186.06,-1.65,94.14,41.14364285714286,27.38,1.87,1
147,전라남도 해남군,1,-55.086,5,0.713,1.0,66.173,46820,-7.94,21.67,0.46,66.0,17.78,19.66,0.55,128.87,-1.53,91.24,41.14364285714286,15.51,0.79,1
148,전라남도 영암군,1,-35.938,5,2.606,1.0,62.117,46830,-5.59,12.4,0.89,138.0,76.37,51.23,1.48,139.9,0.14,87.56,41.14364285714286,24.16,0.78,2
149,전라남도 무안군,1,-23.291,2,4.545,0.0,64.636,46840,-2.17,24.52,0.36,159.0,17.92,12.1,1.55,94.13,-0.72,83.34,41.14364285714286,19.38,0.25,1
150,전라남도 함평군,1,-60.75,5,-3.406,1.0,50.311,46860,-4.96,9.93,0.48,40.0,16.32,16.22,1.85,199.17,-0.75,91.68,41.14364285714286,21.3,1.69,0
151,전라남도 영광군,1,-56.026,5,-0.549,1.0,53.921,46870,-2.85,14.15,0.5,64.0,40.35,25.09,1.16,139.01,-0.37,90.34,41.14364285714286,60.16,1.23,0
152,전라남도 장성군,1,-50.029,2,4.624,0.0,58.224,46880,-5.05,17.97,0.61,127.0,29.04,9.8,1.7,152.03,0.38,88.71,41.14364285714286,51.66,1.48,0
153,전라남도 완도군,1,-57.772,5,2.009,0.0,67.059,46890,-4.28,11.37,0.38,26.0,11.75,35.96,0.9,158.4,-0.95,80.48,41.14364285714286,23.51,0.66,1
154,전라남도 진도군,1,-60.693,5,4.429,1.0,75.011,46900,-4.46,13.85,0.38,12.0,10.33,30.35,0.79,218.68,-0.78,88.22,41.14364285714286,55.31,1.47,1
155,전라남도 신안군,1,-69.208,5,-3.68,2.0,73.347,46910,-7.07,8.55,0.26,16.0,10.67,68.63,0.73,231.95,-1.47,89.13,41.14364285714286,29.47,0.88,1
156,경상북도 포항시,1,-1.894,4,1.943,0.0,54.311,47110,-3.49,31.89,0.49,1907.0,48.41,27.89,2.19,43.65,-0.54,93.09,14.35,19.51,0.6457142857142857,0
157,경상북도 경주시,1,-8.936,5,3.38,0.0,57.774,47130,-5.08,28.4,0.61,517.0,51.69,13.51,1.54,68.03,-0.21,82.55,27.59,20.46,0.12,0
158,경상북도 김천시,1,-17.083,1,2.212,0.0,60.173,47150,-3.36,27.6,0.52,302.0,41.92,33.72,1.27,85.16,0.36,80.96,43.49,20.94,0.07,0
159,경상북도 안동시,1,-24.562,4,1.168,0.0,68.168,47170,-4.32,14.08,0.41,338.0,20.49,48.16,0.83,89.28,-0.97,86.65,37.28,37.79,0.19,1
160,경상북도 영주시,1,-31.13,5,0.179,1.0,65.612,47210,-5.08,17.88,0.45,63.0,25.68,20.82,1.22,102.15,-1.01,87.19,40.42,17.27,0.48,1
161,경상북도 영천시,1,-32.704,2,1.262,1.0,59.207,47230,-1.42,18.84,0.59,221.0,38.02,6.37,0.95,111.28,1.22,80.03,47.39,29.02,0.52,0
162,경상북도 상주시,1,-45.875,5,1.893,1.0,63.214,47250,-4.79,15.26,0.39,99.0,15.5,25.16,0.63,126.49,1.1,87.04,66.08,64.5,0.21,1
163,경상북도 문경시,1,-49.114,4,2.044,1.0,65.134,47280,-3.74,20.64,0.44,71.0,17.42,16.95,0.35,136.87,1.22,83.01,63.99,34.96,0.59,1
164,경상북도 경산시,1,1.501,0,3.395,0.0,53.38,47290,-0.5,31.91,0.47,876.0,33.25,18.31,3.02,45.06,0.74,88.48,17.16,13.51,0.11,0
165,경상북도 군위군,1,-52.283,2,1.792,1.0,62.886,47720,-6.52,12.59,0.49,15.0,23.52,39.31,0.66,246.54,0.73,95.61,104.86,82.49,0.47,1
166,경상북도 의성군,1,-59.144,5,1.664,1.0,71.297,47730,-3.6,15.95,0.39,39.0,12.96,35.08,0.81,184.08,0.51,85.82,108.72,76.18,0.41,1
167,경상북도 청송군,1,-56.599,5,0.991,1.0,55.901,47750,-8.29,10.35,0.5,12.0,14.75,18.93,0.54,225.52,-0.11,85.77,101.55,19.89,0.85,0
168,경상북도 영양군,1,-61.919,5,2.231,0.0,59.38,47760,-9.77,11.81,0.28,6.0,10.86,41.29,0.34,311.89,-0.9,94.71,111.75,15.78,2.53,0
169,경상북도 영덕군,1,-54.021,5,1.967,1.0,62.302,47770,-4.52,13.42,0.43,13.0,14.09,56.78,0.19,176.28,-1.06,89.07,72.67,38.23,1.17,1
170,경상북도 청도군,1,-44.302,5,6.693,0.0,67.233,47820,-5.47,15.27,0.49,70.0,14.88,35.35,0.3,155.48,0.72,90.74,87.11,56.47,0.76,1
171,경상북도 고령군,1,-22.48,5,1.922,0.0,69.355,47830,-7.16,20.68,0.88,59.0,39.29,26.08,2.52,195.94,-1.18,94.55,72.6,27.56,1.01,1
172,경상북도 성주군,1,-39.115,3,3.44,1.0,55.122,47840,-7.04,15.91,0.71,103.0,34.02,12.17,0.94,158.44,-0.77,88.08,77.43,15.38,0.26,0
173,경상북도 칠곡군,0,2.909,3,3.052,0.0,46.288,47850,-6.63,27.53,0.65,238.0,37.79,37.27,2.45,71.17,-1.48,76.61,26.08,18.21,0.18,0
174,경상북도 예천군,1,-57.174,1,5.809,1.0,66.642,47900,6.74,13.05,0.29,44.0,12.56,19.33,1.26,131.26,3.79,95.6,72.52,15.88,0.77,1
175,경상북도 봉화군,1,-60.147,5,1.373,0.0,65.723,47920,-6.3,8.97,0.44,21.0,21.47,22.84,0.84,204.83,-1.15,79.5,92.86,23.8,1.01,1
176,경상북도 울진군,1,-45.262,5,3.256,0.0,71.432,47930,-4.61,16.54,0.47,49.0,50.91,27.1,0.67,148.36,-0.89,90.28,58.6,23.04,0.66,1
177,경상북도 울릉군,1,-50.165,5,-1.574,2.0,71.953,47940,-3.24,16.13,0.45,4.0,15.41,24.66,1.17,473.31,-1.91,94.98,35.59,29.66,1.19,1
178,경상남도 창원시,1,-3.716,5,1.138,0.0,64.423,48110,-4.26,39.06,0.5,2418.0,45.54,17.68,4.44,38.71,-0.94,79.74,11.96,12.27,0.54,1
179,경상남도 진주시,1,1.493,2,2.484,0.0,67.511,48170,-2.7,35.17,0.44,858.0,25.45,31.04,2.33,34.32,0.42,84.69,17.26,13.11,0.12,1
180,경상남도 통영시,1,-9.416,5,3.291,0.0,68.661,48220,-5.87,18.74,0.34,77.0,16.17,39.13,2.32,61.88,-1.44,66.63,23.12,41.66,0.24,1
181,경상남도 사천시,1,-12.298,5,3.338,0.0,62.726,48240,-5.99,22.6,0.62,189.0,55.07,26.44,2.57,65.81,-1.33,85.57,37.14,43.91,0.47,2
182,경상남도 밀양시,1,-33.599,3,3.115,1.0,58.838,48270,-4.94,18.42,0.44,134.0,24.99,19.2,1.1,72.42,-0.52,91.1,46.94,10.48,0.1,0
183,경상남도 거제시,1,7.656,3,1.774,0.0,52.769,48310,-3.43,32.43,0.56,576.0,65.01,33.83,2.81,37.48,-1.13,64.09,15.17,12.88,0.17,2
184,경상남도 의령군,0,-53.086,5,3.644,1.0,44.413,48720,-6.6,16.0,0.41,38.0,20.84,70.52,0.99,173.67,-0.57,86.83,124.85,18.81,0.4,0
185,경상남도 함안군,0,-9.067,4,4.242,1.0,32.753,48730,-4.97,25.42,0.94,136.0,60.02,23.44,1.64,82.41,-1.52,87.36,58.77,14.09,0.16,0
186,경상남도 창녕군,1,-40.231,2,3.362,0.0,64.405,48740,-3.3,18.44,0.58,60.0,33.81,59.26,1.63,89.29,-0.94,95.06,71.84,24.63,0.86,1
187,경상남도 고성군,1,-37.472,5,-0.045,2.0,68.671,48820,-5.22,17.82,0.51,55.0,37.86,26.19,2.5,108.03,-0.94,64.68,70.53,12.84,0.61,1
188,경상남도 남해군,1,-51.875,4,2.376,0.0,68.59,48840,-4.66,17.78,0.44,38.0,12.25,26.33,0.81,110.51,0.49,92.68,70.26,14.64,0.98,1
189,경상남도 하동군,1,-46.866,4,1.748,0.0,65.348,48850,-6.46,12.68,0.4,36.0,28.4,28.71,1.23,119.06,-1.16,99.23,95.39,15.78,0.96,1
190,경상남도 산청군,1,-46.969,2,0.497,1.0,64.946,48860,-7.53,14.97,0.47,74.0,17.09,15.5,0.9,135.03,-0.56,90.55,113.9,78.39,1.84,1
191,경상남도 함양군,1,-46.142,5,0.359,1.0,59.075,48870,-9.09,17.07,0.42,38.0,16.86,30.79,0.79,126.89,-0.05,89.24,118.17,23.69,0.54,0
192,경상남도 거창군,1,-34.529,2,1.128,1.0,64.6,48880,-2.29,24.57,0.41,32.0,17.55,13.35,0.98,89.12,0.25,89.11,78.64,13.87,0.51,1
193,경상남도 합천군,1,-55.243,5,-5.056,2.0,71.404,48890,-7.67,12.69,0.38,34.0,13.19,7.39,1.04,127.39,-0.27,93.1,129.8,16.83,0.96,1
194,제주특별자치도 제주시,1,9.994,0,4.473,0.0,51.365,49110,-2.12,36.52,0.49,711.0,23.13,15.14,2.15,21.72,0.5,75.68,8.81,18.27,0.34,0
195,제주특별자치도 서귀포시,1,-13.827,0,6.965,0.0,58.264,49130,-1.51,36.52,0.46,180.0,21.5,16.73,1.86,47.45,0.26,50.47,11.64,29.39,0.77,0
197,인천광역시 중구,0,-10.148714285714286,2,1.2202857142857142,0.7142857142857143,64.66157142857142,28110,6.63,50.2,0.94,121.0,176.24,0.74,1.06,49.13,9.54,82.79,9.79,20.54,0.55,2
198,인천광역시 옹진군,0,-10.148714285714286,2,1.2202857142857142,0.7142857142857143,64.66157142857142,28720,-6.38,12.71,0.36,9.0,45.96,4.264444444444445,0.08,247.51,-1.91,96.18,42.77,37.42,0.2033333333333333,1
199,울산광역시 북구,0,-4.337666666666666,4,0.481,0.6666666666666666,64.93333333333334,31200,2.86,32.2,0.58,293.0,108.51,19.57,1.59,29.27,4.71,83.75,7.81,17.61,0.05,2
204,경상북도 구미시,0,-36.79540909090909,3,2.2769090909090908,0.5454545454545454,62.38577272727273,47190,-3.17,44.24,0.54,1546.0,69.02,39.79,3.25,41.06,-0.74,81.74,11.9,22.09,0.6457142857142857,2
205,대전광역시 유성구,0,-14.74575,4,0.47575,0.75,72.344,30200,-3.59,31.4,0.53,8198.0,64.0,12.86,2.21,17.27,-0.54,58.12,6.84,17.32,0.06,2
209,경상남도 양산시,0,-29.46,3,1.7121875,0.625,61.1958125,48330,-1.95,39.27,0.5,643.0,39.34,17.2,3.42,31.81,0.27,81.12,10.49,19.24,0.09,0
211,인천광역시 서구,0,-10.148714285714286,2,1.2202857142857142,0.7142857142857143,64.66157142857142,28260,-1.92,40.02,0.44,1323.0,32.77,7.79,6.17,17.11,0.72,62.11,7.97,15.18,0.02,1
212,광주광역시 광산구,0,-21.0535,3,-0.0245000000000001,0.5,67.556,29200,-3.45,22.37,0.48,957.0,38.19,11.09,1.9,22.17,-0.07,84.07,12.42,17.69,0.0733333333333333,1
213,울산광역시 울주군,0,-4.337666666666666,4,0.481,0.6666666666666666,64.93333333333334,31710,-3.2,45.97,0.62,942.0,78.35,60.78,0.81,46.99,0.51,80.99,21.76,16.71,0.14,2
217,강원도 원주시,0,-31.520941176470583,3,2.284588235294118,0.5294117647058824,50.20923529411765,42130,-1.9,25.53,0.5,792.0,31.76,17.18,1.8,49.94,1.43,87.01,16.88,22.81,0.09,0
218,부산광역시 강서구,0,-26.445714285714285,4,-0.2130714285714286,1.0,80.67085714285714,26440,6.3,49.75,1.39,765.0,129.68,105.1,4.11,50.71,4.47,85.26,15.48,24.99,0.33,2
224,충청남도 아산시,0,-32.10658333333333,3,2.4686666666666666,0.5833333333333334,56.826,44200,-1.24,40.86,0.7,1268.0,100.35,17.15,1.74,34.37,0.26,87.13715189873419,19.11,14.15,0.16,2
225,충청남도 당진시,0,-32.10658333333333,3,2.4686666666666666,0.5833333333333334,56.826,44830,-4.08,32.26,0.68,221.0,85.61,21.6,2.38,49.01,-0.52,87.13715189873419,24.91,14.39,0.62,2
226,경상남도 김해시,0,-29.46,3,1.7121875,0.625,61.1958125,48250,-1.64,39.93,0.51,1220.0,30.76,24.74,4.62,27.88,1.42,88.26,11.85,13.0,0.17,0
227,부산광역시 기장군,0,-26.445714285714285,4,-0.2130714285714286,1.0,80.67085714285714,26710,-2.51,39.6,0.52,323.0,37.07,59.6,2.95,47.72,-0.25,88.63,21.39,24.11,0.38,1
228,충청남도 계룡시,0,-32.10658333333333,3,2.4686666666666666,0.5833333333333334,56.826,44250,-5.34,22.13,0.23,86.0,8.64,26.45,3.61,79.83,-1.83,87.13715189873419,12.73,28.4,0.24,0
